"BROKEN","EPIC","FAILED","FEATURE","PASSED","SKIPPED","STORY","UNKNOWN"
"0","practicesoftwaretesting.com","1","Catalog / Filter","0","0","Применение нескольких фильтров","0"
"0","practicesoftwaretesting.com","1","Search","0","0","Поиск существующего товара","0"
"0","practicesoftwaretesting.com","1","Search","0","0","Переход из выдачи в карточку товара","0"
"0","practicesoftwaretesting.com","1","Search","0","0","Поиск по части названия","0"
"0","practicesoftwaretesting.com","1","Catalog / Filter","0","0","Проверка результата после фильтрации","0"
"0","practicesoftwaretesting.com","1","Catalog / Filter","0","0","Применение одного фильтра","0"
"0","practicesoftwaretesting.com","1","Search","0","0","Все результаты соответствуют запросу","0"
"0","practicesoftwaretesting.com","3","Catalog / Filter","0","0","Параметризованный поиск разных товаров","0"
"0","practicesoftwaretesting.com","1","Catalog / Filter","0","0","Сброс фильтра","0"
"0","practicesoftwaretesting.com","1","Search","0","0","Поиск несуществующего товара","0"
