"DESCRIPTION","DURATION IN MS","NAME","PARENT SUITE","START TIME","STATUS","STOP TIME","SUB SUITE","SUITE","TEST CLASS","TEST METHOD"
"Фильтрация работает корректно в разных категориях","1568","shouldFilterAcrossDifferentCategories","Surefire suite","2026-10-09","passed","2026-10-09","test.catalog.FilterTest","Surefire test","test.catalog.FilterTest","shouldFilterAcrossDifferentCategories"
"Все товары в выдаче содержат поисковый запрос в названии","935","shouldShowOnlyMatchingProductsafterSearch","Surefire suite","2026-10-09","passed","2026-10-09","test.search.SearchTest","Surefire test","test.search.SearchTest","shouldShowOnlyMatchingProductsafterSearch"
"Фильтрация работает корректно в разных категориях","1794","shouldFilterAcrossDifferentCategories","Surefire suite","2026-10-09","passed","2026-10-09","test.catalog.FilterTest","Surefire test","test.catalog.FilterTest","shouldFilterAcrossDifferentCategories"
"Поиск по полному названию товара возвращает товар с этим названием","1148","shouldFindExistingProduct","Surefire suite","2026-10-09","passed","2026-10-09","test.search.SearchTest","Surefire test","test.search.SearchTest","shouldFindExistingProduct"
"Поиск по части названия тоже находит релевантные результаты","782","shouldFindProductByPartialName","Surefire suite","2026-10-09","passed","2026-10-09","test.search.SearchTest","Surefire test","test.search.SearchTest","shouldFindProductByPartialName"
"Клик по товару в результатах поиска открывает его карточку","1507","shouldOpenProductCardFromSearchResults","Surefire suite","2026-10-09","passed","2026-10-09","test.search.SearchTest","Surefire test","test.search.SearchTest","shouldOpenProductCardFromSearchResults"
"Комбинация нескольких фильтров ещё сильнее сужает выдачу","2109","shouldApplyMultipleFilters","Surefire suite","2026-10-09","passed","2026-10-09","test.catalog.FilterTest","Surefire test","test.catalog.FilterTest","shouldApplyMultipleFilters"
"Выбор одного значения фильтра сужает список товаров в категории","1359","shouldApplySingleFilter","Surefire suite","2026-10-09","passed","2026-10-09","test.catalog.FilterTest","Surefire test","test.catalog.FilterTest","shouldApplySingleFilter"
"После применения фильтра название каждого товара в выдаче ему соответствует","1414","shouldShowOnlyMatchingProductsAfterFilter","Surefire suite","2026-10-09","passed","2026-10-09","test.catalog.FilterTest","Surefire test","test.catalog.FilterTest","shouldShowOnlyMatchingProductsAfterFilter"
"Поиск по несуществующему запросу возвращает пустой результат и сообщение 0 products found for 'asdkjaslkdjqwe123456'","668","shouldReturnNoResultsForUnknownProduct","Surefire suite","2026-10-09","passed","2026-10-09","test.search.SearchTest","Surefire test","test.search.SearchTest","shouldReturnNoResultsForUnknownProduct"
"Фильтрация работает корректно в разных категориях","1280","shouldFilterAcrossDifferentCategories","Surefire suite","2026-10-09","passed","2026-10-09","test.catalog.FilterTest","Surefire test","test.catalog.FilterTest","shouldFilterAcrossDifferentCategories"
"Cнятие фильтра возвращает полный список товаров категории","1658","shouldResetFilters","Surefire suite","2026-10-09","passed","2026-10-09","test.catalog.FilterTest","Surefire test","test.catalog.FilterTest","shouldResetFilters"
